<?xml version="1.0" encoding="utf-8" ?>
<!-- ******************************************************************
 *
 * Copyright © 2009, 2010 OPC Foundation, Inc.
 *
 * This source code is subject to terms and conditions of the 
 * Express Interface Public License. A copy of the license can 
 * be found in the XiLicense.html file at the root of this 
 * distribution.  The license can also be located at 
 * http://www.opcfoundation.org/xi/.  By using this source code 
 * in any fashion, you are agreeing to be bound by the terms of 
 * the Express Interface Public License.
 *
 * You must not remove this notice, or any other, from this software.
 *
 *******************************************************************-->
<!-- ********************************************************************************* -->
<!-- The error codes in this section are defined by the classic OPC Specifications.    -->
<!-- Each entry in the Standard server error codes should have a coresponding value   -->
<!-- in XiFaultCodes.cs this file provides a conversion from the error code to a       -->
<!-- text description.                                                                 -->
<!-- ********************************************************************************* -->
<errors>
	<!-- MessageId: OPC_E_INVALIDHANDLE -->
	<error id="0xC0040001" text="An invalid handle was passed." />

	<!-- MessageId: OPC_E_BADTYPE -->
	<error id="0xC0040004" text="The server cannot convert between the passed or requested data type and the canonical type." />

	<!-- MessageId: OPC_E_PUBLIC -->
	<error id="0xC0040005" text="The requested operation cannot be done on a public group." />

	<!-- MessageId: OPC_E_BADRIGHTS -->
	<error id="0xC0040006" text="The item's AccessRights do not allow the operation." />

	<!-- MessageId: OPC_E_UNKNOWNITEMID -->
	<error id="0xC0040007" text="The item definition does not exist within the servers address space." />

	<!-- MessageId: OPC_E_INVALIDITEMID -->
	<error id="0xC0040008" text="The item definition does not conform to the server's syntax." />

	<!-- MessageId: OPC_E_INVALIDFILTER -->
	<error id="0xC0040009" text="The filter string is not valid." />

	<!-- MessageId: OPC_E_UNKNOWNPATH -->
	<error id="0xC004000A" text="The item's access path is not known to the server." />

	<!-- MessageId: OPC_E_RANGE -->
	<error id="0xC004000B" text="The value passed to WRITE was out of range." />

	<!-- MessageId: OPC_E_DUPLICATE_NAME -->
	<error id="0xC004000C" text="A group with a duplicate name already exists in the server." />

	<!-- MessageId: OPC_S_UNSUPPORTEDRATE -->
	<error id="0x0004000D" text="The server does not support the requested rate, but will use the closest available." />

	<!-- MessageId: OPC_S_CLAMP -->
	<error id="0x0004000E" text="A value passed to WRITE was accepted, but was clamped." />

	<!-- MessageId: OPC_S_INUSE -->
	<error id="0x0004000F" text="The operation  cannot be completed because the object still has references that exist." />

	<!-- MessageId: OPC_E_INVALIDCONFIGFILE -->
	<error id="0xC0040010" text="The server's configuration file is an invalid format." />

	<!-- MessageId: OPC_E_NOTFOUND -->
	<error id="0xC0040011" text="The server could not locate the requested object." />

	<!-- MessageId: OPC_E_INVALID_PID -->
	<!-- MessageId: OPC_E_INVALIDBRANCHNAME -->
	<error id="0xC0040203" text="The server does not recognise the passed property ID. OR The string was not recognized as an area name" />

	<!-- MessageId: OPC_E_MAXEXCEEDED -->
	<error id="0xC0041001" text=" The maximum number of values requested exceeds the server's limit." />

	<!-- MessageId: OPC_S_NODATA -->
	<error id="0x40041002" text=" There is no data within the specified parameters." />

	<!-- MessageId: OPC_S_MOREDATA -->
	<error id="0x40041003" text=" There is more data satisfying the query than was returned." />

	<!-- MessageId: OPC_E_INVALIDAGGREGATE -->
	<error id="0xC0041004" text=" The aggregate requested is not valid." />

	<!-- MessageId: OPC_S_CURRENTVALUE -->
	<error id="0x40041005" text=" The server only returns current values for the requested item attributes." />

	<!-- MessageId: OPC_S_EXTRADATA -->
	<error id="0x40041006" text=" Additional data satisfying the query was found." />

	<!-- MessageId: OPC_W_NOFILTER -->
	<error id="0x80041007" text=" The server does not support this filter." />

	<!-- MessageId: OPC_E_UNKNOWNATTRID -->
	<error id="0xC0041008" text=" The server does not support this attribute." />

	<!-- MessageId: OPC_E_NOT_AVAIL -->
	<error id="0xC0041009" text=" The requested aggregate is not available for the specified item." />

	<!-- MessageId: OPC_E_INVALIDDATATYPE -->
	<error id="0xC004100A" text=" The supplied value for the attribute is not a correct data type." />

	<!-- MessageId: OPC_E_DATAEXISTS -->
	<error id="0xC004100B" text=" Unable to insert - data already present." />

	<!-- MessageId: OPC_E_INVALIDATTRID -->
	<error id="0xC004100C" text=" The supplied attribute ID is not valid." />

	<!-- MessageId: OPC_E_NODATAEXISTS -->
	<error id="0xC004100D" text=" The server has no value for the specified time and item ID." />

	<!-- MessageId: OPC_S_INSERTED -->
	<error id="0x4004100E" text=" The requested insert occurred." />

	<!-- MessageId: OPC_S_REPLACED -->
	<error id="0x4004100F" text=" The requested replace occurred." />

	<!-- MessageId: OPC_S_ALREADYACKED -->
	<error id="0x00040200" text=" The condition has already been acknowleged" />

	<!-- MessageId: OPC_S_INVALIDBUFFERTIME -->
	<error id="0x00040201" text=" The buffer time parameter was invalid" />

	<!-- MessageId: OPC_S_INVALIDMAXSIZE -->
	<error id="0x00040202" text=" The max size parameter was invalid" />

	<!-- MessageId: OPC_E_INVALIDTIME -->
	<error id="0xC0040204" text=" The time does not match the latest active time" />

	<!-- MessageId: OPC_E_BUSY -->
	<error id="0xC0040205" text=" A refresh is currently in progress" />

	<!-- MessageId: OPC_E_NOINFO -->
	<error id="0xC0040206" text=" Information is not available" />
</errors>